{"mapping": {"energy": 0, "zenith": 2, "topology": 1}, "events": [[6.2222559686694731e+04, 0, 5.3106905694086626e-01], [6.1677449762456657e+04, 0, 3.5029714570048798e-01], [8.9235616620929723e+04, 0, 3.9149611247488658e-01], [1.1446772692164546e+05, 0, 1.5050881229139321e-01], [1.5319888638014474e+05, 0, 4.0847629704694777e-01], [2.1253724094980300e+05, 0, 2.4851186340612744e-01], [7.0212587402108868e+04, 0, 7.7476506461132866e-01], [7.8495402511640350e+04, 0, 6.4801067639407994e-01], [1.4418751577992033e+05, 0, 8.9376834659339355e-01], [2.0323682366514142e+05, 0, 8.1737043413695032e-01], [2.1413297662422308e+05, 0, 8.7040639537297393e-01], [1.9628821892824036e+05, 0, 9.2720836586697719e-01], [6.2995167280918476e+05, 0, 7.9214441559710735e-01], [6.1718054619906761e+04, 0, 9.2886995238805392e-01], [6.9961945493684078e+04, 0, 1.0448301944163323e+00], [6.5532904468890782e+04, 0, 9.4465684355278379e-01], [1.1388078199315250e+05, 0, 9.6348212335143613e-01], [1.0413040175282002e+05, 0, 9.4228715694066989e-01], [1.4036144158218338e+05, 0, 9.2796014940773941e-01], [1.8552134398275291e+05, 0, 9.5796952830638404e-01], [2.9484937336132932e+05, 0, 1.0877737337527158e+00], [8.6319891740646170e+04, 0, 1.2701516324270863e+00], [8.9319636022908337e+04, 0, 1.1850230677227185e+00], [1.1618092699817740e+05, 0, 1.3250251026443174e+00], [1.6346259268459855e+05, 0, 1.2334994919111777e+00], [1.5465322147221281e+05, 0, 1.3199604812523538e+00], [2.7365583198102505e+05, 0, 1.3462301416212212e+00], [5.7511334824343340e+05, 0, 1.3584605109767731e+00], [1.0737183196539560e+05, 0, 1.4313745314161310e+00], [1.1021190075164777e+05, 0, 1.4004617379814435e+00], [1.4138600825621971e+05, 0, 1.4000255049329964e+00], [2.0677782184280892e+05, 0, 1.4300680964635173e+00], [2.4716852294730383e+05, 0, 1.5588555137863775e+00], [3.6546130065829132e+05, 0, 1.5436331279573929e+00], [4.5570408975403998e+06, 0, 1.4647966131572003e+00], [6.9813440640669010e+04, 0, 1.6978852786372542e+00], [6.5248437907886771e+04, 0, 1.7132455779501052e+00], [9.0661300903049763e+04, 0, 1.7366601234452050e+00], [1.0381131911869842e+05, 0, 1.7060450372116795e+00], [1.0869452919341929e+05, 0, 1.5974670383325729e+00], [1.0373247888850003e+05, 0, 1.5853792515910712e+00], [1.0236690023063036e+05, 0, 1.6061373584202661e+00], [1.3393202574325222e+05, 0, 1.7341801924096834e+00], [1.7702657339452844e+05, 0, 1.5925039290261811e+00], [1.7500126986969830e+05, 0, 1.6657194231752814e+00], [6.8792169569806225e+04, 0, 1.9453409840429010e+00], [6.3281573643201671e+04, 0, 1.9781135181418790e+00], [6.7572165383489657e+04, 0, 1.9800966987210760e+00], [8.0682620494421455e+04, 0, 2.0504199443857218e+00], [8.7365481788970239e+04, 0, 2.0906251684723549e+00], [1.0271141124057575e+05, 0, 2.1369940023162317e+00], [2.7379389907350083e+05, 0, 2.2050026071561906e+00], [1.3386853867860654e+05, 0, 2.4013760368202228e+00], [1.9914899559500354e+05, 0, 2.4525170378711634e+00], [8.4465913768582206e+04, 0, 3.0435057083328640e+00], [6.4255606065794040e+04, 1, 5.7923394228679626e-01], [7.1783308287976644e+04, 1, 6.0667830658944866e-01], [7.9927874474003256e+04, 1, 3.3322522934160687e-01], [8.5538805978131262e+04, 1, 2.7994967667395476e-01], [9.6301441868849419e+04, 1, 4.6521998285548499e-01], [1.2126624993496104e+05, 1, 6.8100452378311957e-02], [1.2421349892137101e+05, 1, 1.6608707051565585e-01], [6.0894981436886250e+04, 1, 7.6673191435297849e-01], [1.3454914952013115e+05, 1, 7.7205743622515599e-01], [9.8043249996676133e+05, 1, 6.6053815483213529e-01], [6.3276456958768482e+04, 1, 1.0289249645763174e+00], [8.8675418724869072e+04, 1, 1.0525445391157930e+00], [8.2010836832681161e+04, 1, 1.0691546956451048e+00], [8.6349061220910269e+04, 1, 9.8593081893939805e-01], [1.4847733293248041e+05, 1, 9.9780000180106843e-01], [8.4798269526635006e+04, 1, 1.2388487640769468e+00], [9.1479748347666886e+04, 1, 1.3343892120337351e+00], [1.1329123632543834e+05, 1, 1.2083691753183132e+00], [1.1276769635046099e+05, 1, 1.2534872450635415e+00], [1.0473702363879343e+05, 1, 1.2407601023900734e+00], [1.5838189203020389e+05, 1, 1.3676700792725474e+00], [1.3980989037419000e+05, 1, 1.2823929872282105e+00], [1.7310729568406974e+05, 1, 1.2602351193628727e+00], [3.2177519244723831e+05, 1, 1.3543248519958313e+00], [3.6325037260407495e+05, 1, 1.1773641797881187e+00], [6.4282157012895790e+04, 1, 1.3976876402260165e+00], [6.1259576197826071e+04, 1, 1.3812366129939502e+00], [6.7975467448421579e+04, 1, 1.5331655077670132e+00], [6.1687462302988526e+04, 1, 1.3719280413191735e+00], [6.3870396434936789e+04, 1, 1.4258363232659799e+00], [6.9776253044969271e+04, 1, 1.5507504493809372e+00], [9.8887911818754626e+04, 1, 1.5234964110207183e+00], [8.7707959560016796e+04, 1, 1.5188305282775802e+00], [8.4183444378047599e+04, 1, 1.4959947039379107e+00], [9.6300697449841100e+04, 1, 1.4743491796074484e+00], [8.9051072491947270e+04, 1, 1.5107730260770840e+00], [1.1123953371515505e+05, 1, 1.5313236393324203e+00], [1.0550067843432308e+05, 1, 1.5445955380257883e+00], [1.5480016157657385e+05, 1, 1.4104623560908705e+00], [1.3408509274373334e+05, 1, 1.4315562607453014e+00], [1.5124785812360721e+05, 1, 1.4519560449230697e+00], [2.1014664200054677e+05, 1, 1.4226615909022120e+00], [5.4599288433172437e+05, 1, 1.4520491700810012e+00], [6.0979943793079152e+05, 1, 1.4968859844325659e+00], [1.5613352107824683e+06, 1, 1.4117814402483440e+00], [6.1363478080982612e+04, 1, 1.6246234304207923e+00], [6.0238803635498545e+04, 1, 1.7193062853226155e+00], [9.6154778768999662e+04, 1, 1.5768194943853262e+00], [9.6481684366268033e+04, 1, 1.7415759927468251e+00], [8.7662789526480803e+04, 1, 1.7030452574305868e+00], [1.4636474532904912e+05, 1, 1.6817354394893012e+00], [2.1649015879874371e+05, 1, 1.6444197943900849e+00], [7.6383688494841917e+04, 1, 1.8702519224092655e+00], [1.7091607087745469e+06, 1, 1.7871939396398486e+00], [7.3556890443142431e+04, 1, 2.1072677855271018e+00], [8.0715820995059315e+04, 1, 2.1321448540875187e+00], [1.3110410700112136e+05, 1, 2.0405601044085304e+00], [2.4028695784187483e+05, 1, 2.1829036663031394e+00], [6.7120240279723817e+04, 1, 2.3188532336811174e+00], [1.0906005655374542e+05, 1, 2.2569934058958121e+00], [6.2699052449531911e+04, 1, 3.0555997554053675e+00], [4.0142920254268218e+05, 1, 3.0062197435053704e+00]]}